course;stop_code;stop_id;stop_name;route_short_name;trip_headsign;direction_id;departure_time;is_theorical;delay_sec;dest_ar_code;course_sae
1581274948;ANTIGRTW;41217;ANTIGONE;1;MOSSON;1;22:55:49;0;339;41101;268435648
1581275160;ANTIGRTW;41217;ANTIGONE;1;MOSSON;1;23:10:37;0;1227;41101;268436100
1581275166;ANTIGRTW;41217;ANTIGONE;1;MOSSON;1;23:25:37;0;2127;41101;268435532
1581274947;BOUTORTW;41233;BOUTONNET;1;MOSSON;1;22:57:57;0;467;41101;268435988
1581274948;BOUTORTW;41233;BOUTONNET;1;MOSSON;1;23:11:32;0;1282;41101;268435648
1581275160;BOUTORTW;41233;BOUTONNET;1;MOSSON;1;23:26:13;0;2163;41101;268436100
1581275167;CHATORTW;41243;CHATEAU D'O;1;MOSSON;1;22:56:36;0;386;41101;268436072
1581274947;CHATORTW;41243;CHATEAU D'O;1;MOSSON;1;23:06:55;0;1005;41101;268435988
1581274948;CHATORTW;41243;CHATEAU D'O;1;MOSSON;1;23:20:36;0;1826;41101;268435648
1581274948;COMEDRTW;41223;COMEDIE;1;MOSSON;1;23:02:35;0;745;41101;268435648
1581275160;COMEDRTW;41223;COMEDIE;1;MOSSON;1;23:17:00;0;1610;41101;268436100
1581275166;COMEDRTW;41223;COMEDIE;1;MOSSON;1;23:32:00;0;2510;41101;268435532
1581274947;CORUMRTW;41225;CORUM T1;1;MOSSON;1;22:51:54;0;104;41101;268435988
1581274948;CORUMRTW;41225;CORUM T1;1;MOSSON;1;23:05:35;0;925;41101;268435648
1581275160;CORUMRTW;41225;CORUM T1;1;MOSSON;1;23:20:00;0;1790;41101;268436100
1581274948;DUGUESCE;41218;DU GUESCLIN;1;MOSSON;1;22:58:32;0;502;41101;268435648
1581275160;DUGUESCE;41218;DU GUESCLIN;1;MOSSON;1;23:12:57;0;1367;41101;268436100
1581275166;DUGUESCE;41218;DU GUESCLIN;1;MOSSON;1;23:27:57;0;2267;41101;268435532
1581275167;EUROMRTW;41247;EUROMEDECINE;1;MOSSON;1;23:00:36;0;626;41101;268436072
1581274947;EUROMRTW;41247;EUROMEDECINE;1;MOSSON;1;23:10:55;0;1245;41101;268435988
1581274948;EUROMRTW;41247;EUROMEDECINE;1;MOSSON;1;23:24:36;0;2066;41101;268435648
1581274948;GARERTW;41221;GARE ST-ROCH T1;1;MOSSON;1;23:00:35;0;625;41101;268435648
1581275160;GARERTW;41221;GARE ST-ROCH T1;1;MOSSON;1;23:15:00;0;1490;41101;268436100
1581275166;GARERTW;41221;GARE ST-ROCH T1;1;MOSSON;1;23:30:00;0;2390;41101;268435532
1581275167;HALLPRTW;41253;HALLES PAILLADE;1;MOSSON;1;23:04:31;0;861;41101;268436072
1581274947;HALLPRTW;41253;HALLES PAILLADE;1;MOSSON;1;23:15:03;0;1493;41101;268435988
1581274948;HALLPRTW;41253;HALLES PAILLADE;1;MOSSON;1;23:28:38;0;2308;41101;268435648
1581275167;HTMASRTW;41249;HAUTS DE MASSANE;1;MOSSON;1;23:01:36;0;686;41101;268436072
1581274947;HTMASRTW;41249;HAUTS DE MASSANE;1;MOSSON;1;23:11:55;0;1305;41101;268435988
1581274948;HTMASRTW;41249;HAUTS DE MASSANE;1;MOSSON;1;23:25:36;0;2126;41101;268435648
1581275167;LAPEYRTW;41239;HOP. LAPEYRONIE;1;MOSSON;1;22:52:52;0;162;41101;268436072
1581274947;LAPEYRTW;41239;HOP. LAPEYRONIE;1;MOSSON;1;23:03:50;0;820;41101;268435988
1581274948;LAPEYRTW;41239;HOP. LAPEYRONIE;1;MOSSON;1;23:16:37;0;1587;41101;268435648
1581274948;LBLUMRTW;41215;LEON BLUM;1;MOSSON;1;22:54:34;0;264;41101;268435648
1581275160;LBLUMRTW;41215;LEON BLUM;1;MOSSON;1;23:08:59;0;1129;41101;268436100
1581275166;LBLUMRTW;41215;LEON BLUM;1;MOSSON;1;23:23:59;0;2029;41101;268435532
1581274947;BLANCRTW;41227;LOUIS BLANC;1;MOSSON;1;22:53:19;0;189;41101;268435988
1581274948;BLANCRTW;41227;LOUIS BLANC;1;MOSSON;1;23:06:36;0;986;41101;268435648
1581275160;BLANCRTW;41227;LOUIS BLANC;1;MOSSON;1;23:21:17;0;1867;41101;268436100
1581275167;MALBORTW;41245;MALBOSC;1;MOSSON;1;22:58:36;0;506;41101;268436072
1581274947;MALBORTW;41245;MALBOSC;1;MOSSON;1;23:08:55;0;1125;41101;268435988
1581274948;MALBORTW;41245;MALBOSC;1;MOSSON;1;23:22:36;0;1946;41101;268435648
1581275160;MILLERTW;41203;MILLENAIRE;1;MOSSON;1;22:59:23;0;553;41101;268436100
1581275166;MILLERTW;41203;MILLENAIRE;1;MOSSON;1;23:14:23;0;1453;41101;268435532
1581275161;MILLERTW;41203;MILLENAIRE;1;MOSSON;1;23:29:23;0;2353;41101;268435792
1581275160;MONDIRTW;41205;MONDIAL 98;1;MOSSON;1;23:00:49;0;639;41101;268436100
1581275166;MONDIRTW;41205;MONDIAL 98;1;MOSSON;1;23:15:49;0;1539;41101;268435532
1581275161;MONDIRTW;41205;MONDIAL 98;1;MOSSON;1;23:30:49;0;2439;41101;268435792
1581275160;MOULARTW;41209;MOULARES;1;MOSSON;1;23:03:49;0;819;41101;268436100
1581275166;MOULARTW;41209;MOULARES;1;MOSSON;1;23:18:49;0;1719;41101;268435532
1581275161;MOULARTW;41209;MOULARES;1;MOSSON;1;23:33:49;0;2619;41101;268435792
1581275167;OCCITRTW;41241;OCCITANIE;1;MOSSON;1;22:54:36;0;266;41101;268436072
1581274947;OCCITRTW;41241;OCCITANIE;1;MOSSON;1;23:04:55;0;885;41101;268435988
1581274948;OCCITRTW;41241;OCCITANIE;1;MOSSON;1;23:18:36;0;1706;41101;268435648
1581275160;ODYSSETW;41201;ODYSSEUM;1;MOSSON;1;22:56:00;0;350;41101;268436100
1581275166;ODYSSETW;41201;ODYSSEUM;1;MOSSON;1;23:11:00;0;1250;41101;268435532
1581275161;ODYSSETW;41201;ODYSSEUM;1;MOSSON;1;23:26:00;0;2150;41101;268435792
1581274947;PHILIRTW;41231;PHILIPPIDES;1;MOSSON;1;22:56:30;0;380;41101;268435988
1581274948;PHILIRTW;41231;PHILIPPIDES;1;MOSSON;1;23:09:31;0;1161;41101;268435648
1581275160;PHILIRTW;41231;PHILIPPIDES;1;MOSSON;1;23:24:49;0;2079;41101;268436100
1581274948;EUROPRTW;41213;PL. DE L'EUROPE;1;MOSSON;1;22:52:34;0;144;41101;268435648
1581275160;EUROPRTW;41213;PL. DE L'EUROPE;1;MOSSON;1;23:06:59;0;1009;41101;268436100
1581275166;EUROPRTW;41213;PL. DE L'EUROPE;1;MOSSON;1;23:21:59;0;1909;41101;268435532
1581274947;ALBE1RTW;41229;PLACE ALBERT 1ER;1;MOSSON;1;22:54:54;0;284;41101;268435988
1581274948;ALBE1RTW;41229;PLACE ALBERT 1ER;1;MOSSON;1;23:08:35;0;1105;41101;268435648
1581275160;ALBE1RTW;41229;PLACE ALBERT 1ER;1;MOSSON;1;23:23:00;0;1970;41101;268436100
1581275160;PFRANCEE;41261;PLACE DE FRANCE;1;MOSSON;1;22:57:59;0;469;41101;268436100
1581275166;PFRANCEE;41261;PLACE DE FRANCE;1;MOSSON;1;23:12:59;0;1369;41101;268435532
1581275161;PFRANCEE;41261;PLACE DE FRANCE;1;MOSSON;1;23:27:59;0;2269;41101;268435792
1581275160;PMARIRTW;41207;PORT MARIANNE;1;MOSSON;1;23:01:59;0;709;41101;268436100
1581275166;PMARIRTW;41207;PORT MARIANNE;1;MOSSON;1;23:16:59;0;1609;41101;268435532
1581275161;PMARIRTW;41207;PORT MARIANNE;1;MOSSON;1;23:31:59;0;2509;41101;268435792
1581274948;RILEZRTW;41211;RIVES DU LEZ T1;1;MOSSON;1;22:51:34;0;84;41101;268435648
1581275160;RILEZRTW;41211;RIVES DU LEZ T1;1;MOSSON;1;23:05:59;0;949;41101;268436100
1581275166;RILEZRTW;41211;RIVES DU LEZ T1;1;MOSSON;1;23:20:59;0;1849;41101;268435532
1581274947;STELORTW;41235;SAINT-ELOI;1;MOSSON;1;22:59:54;0;584;41101;268435988
1581274948;STELORTW;41235;SAINT-ELOI;1;MOSSON;1;23:13:35;0;1405;41101;268435648
1581275160;STELORTW;41235;SAINT-ELOI;1;MOSSON;1;23:28:00;0;2270;41101;268436100
1581275167;STPAURTW;41251;SAINT-PAUL;1;MOSSON;1;23:03:36;0;806;41101;268436072
1581274947;STPAURTW;41251;SAINT-PAUL;1;MOSSON;1;23:13:55;0;1425;41101;268435988
1581274948;STPAURTW;41251;SAINT-PAUL;1;MOSSON;1;23:27:36;0;2246;41101;268435648
1581275167;STMOSSOS;41263;STADE MOSSON;1;MOSSON;1;23:06:36;0;986;41101;268436072
1581274947;STMOSSOS;41263;STADE MOSSON;1;MOSSON;1;23:16:55;0;1605;41101;268435988
1581274948;STMOSSOS;41263;STADE MOSSON;1;MOSSON;1;23:30:36;0;2426;41101;268435648
1581275167;SCIENRTW;41237;UNIVERSITES;1;MOSSON;1;22:50:34;0;24;41101;268436072
1581274947;SCIENRTW;41237;UNIVERSITES;1;MOSSON;1;23:01:24;0;674;41101;268435988
1581274948;SCIENRTW;41237;UNIVERSITES;1;MOSSON;1;23:14:41;0;1471;41101;268435648
1581275170;ANTIGATW;41139;ANTIGONE;1;ODYSSEUM;0;22:52:46;0;156;41155;268435529
1581274952;ANTIGATW;41139;ANTIGONE;1;ODYSSEUM;0;23:04:24;0;854;41155;268435789
1581274953;ANTIGATW;41139;ANTIGONE;1;ODYSSEUM;0;23:19:20;0;1750;41155;268436125
1581274953;BOUTOATW;41123;BOUTONNET;1;ODYSSEUM;0;23:03:29;0;799;41155;268436125
1581275169;BOUTOATW;41123;BOUTONNET;1;ODYSSEUM;0;23:17:47;0;1657;41155;268435893
1581274954;BOUTOATW;41123;BOUTONNET;1;ODYSSEUM;0;23:32:47;0;2557;41155;268436073
1581274953;CHATOATW;41113;CHATEAU D'O;1;ODYSSEUM;0;22:54:42;0;272;41155;268436125
1581275169;CHATOATW;41113;CHATEAU D'O;1;ODYSSEUM;0;23:09:00;0;1130;41155;268435893
1581274954;CHATOATW;41113;CHATEAU D'O;1;ODYSSEUM;0;23:24:00;0;2030;41155;268436073
1581274952;COMEDATW;41133;COMEDIE;1;ODYSSEUM;0;22:58:46;0;516;41155;268435789
1581274953;COMEDATW;41133;COMEDIE;1;ODYSSEUM;0;23:13:42;0;1412;41155;268436125
1581275169;COMEDATW;41133;COMEDIE;1;ODYSSEUM;0;23:28:00;0;2270;41155;268435893
1581274952;CORUMATW;41131;CORUM T1;1;ODYSSEUM;0;22:55:46;0;336;41155;268435789
1581274953;CORUMATW;41131;CORUM T1;1;ODYSSEUM;0;23:10:42;0;1232;41155;268436125
1581275169;CORUMATW;41131;CORUM T1;1;ODYSSEUM;0;23:25:00;0;2090;41155;268435893
1581275170;DUGUESCS;41138;DU GUESCLIN;1;ODYSSEUM;0;22:50:50;0;40;41155;268435529
1581274952;DUGUESCS;41138;DU GUESCLIN;1;ODYSSEUM;0;23:02:28;0;738;41155;268435789
1581274953;DUGUESCS;41138;DU GUESCLIN;1;ODYSSEUM;0;23:17:24;0;1634;41155;268436125
1581274953;EUROMATW;41109;EUROMEDECINE;1;ODYSSEUM;0;22:50:42;0;32;41155;268436125
1581275169;EUROMATW;41109;EUROMEDECINE;1;ODYSSEUM;0;23:05:00;0;890;41155;268435893
1581274954;EUROMATW;41109;EUROMEDECINE;1;ODYSSEUM;0;23:20:00;0;1790;41155;268436073
1581274952;GARETW;41135;GARE ST-ROCH T1;1;ODYSSEUM;0;23:00:46;0;636;41155;268435789
1581274953;GARETW;41135;GARE ST-ROCH T1;1;ODYSSEUM;0;23:15:42;0;1532;41155;268436125
1581275169;GARETW;41135;GARE ST-ROCH T1;1;ODYSSEUM;0;23:30:00;0;2390;41155;268435893
1581275169;HALLPATW;41103;HALLES PAILLADE;1;ODYSSEUM;0;23:00:15;0;605;41155;268435893
1581274954;HALLPATW;41103;HALLES PAILLADE;1;ODYSSEUM;0;23:15:15;0;1505;41155;268436073
1581275151;HALLPATW;41103;HALLES PAILLADE;1;ODYSSEUM;0;23:30:15;0;2405;41155;268435989
1581275169;HTMASATW;41107;HAUTS DE MASSANE;1;ODYSSEUM;0;23:04:00;0;830;41155;268435893
1581274954;HTMASATW;41107;HAUTS DE MASSANE;1;ODYSSEUM;0;23:19:00;0;1730;41155;268436073
1581275151;HTMASATW;41107;HAUTS DE MASSANE;1;ODYSSEUM;0;23:34:00;0;2630;41155;268435989
1581274953;LAPEYATW;41117;HOP. LAPEYRONIE;1;ODYSSEUM;0;22:58:26;0;496;41155;268436125
1581275169;LAPEYATW;41117;HOP. LAPEYRONIE;1;ODYSSEUM;0;23:12:14;0;1324;41155;268435893
1581274954;LAPEYATW;41117;HOP. LAPEYRONIE;1;ODYSSEUM;0;23:27:14;0;2224;41155;268436073
1581275170;LBLUMATW;41141;LEON BLUM;1;ODYSSEUM;0;22:54:28;0;258;41155;268435529
1581274952;LBLUMATW;41141;LEON BLUM;1;ODYSSEUM;0;23:05:46;0;936;41155;268435789
1581274953;LBLUMATW;41141;LEON BLUM;1;ODYSSEUM;0;23:20:42;0;1832;41155;268436125
1581274952;BLANCATW;41129;LOUIS BLANC;1;ODYSSEUM;0;22:53:42;0;212;41155;268435789
1581274953;BLANCATW;41129;LOUIS BLANC;1;ODYSSEUM;0;23:09:29;0;1159;41155;268436125
1581275169;BLANCATW;41129;LOUIS BLANC;1;ODYSSEUM;0;23:23:17;0;1987;41155;268435893
1581274953;MALBOATW;41111;MALBOSC;1;ODYSSEUM;0;22:52:42;0;152;41155;268436125
1581275169;MALBOATW;41111;MALBOSC;1;ODYSSEUM;0;23:07:00;0;1010;41155;268435893
1581274954;MALBOATW;41111;MALBOSC;1;ODYSSEUM;0;23:22:00;0;1910;41155;268436073
1581275170;MILLEATW;41153;MILLENAIRE;1;ODYSSEUM;0;23:03:41;0;811;41155;268435529
1581274952;MILLEATW;41153;MILLENAIRE;1;ODYSSEUM;0;23:15:19;0;1509;41155;268435789
1581274953;MILLEATW;41153;MILLENAIRE;1;ODYSSEUM;0;23:30:15;0;2405;41155;268436125
1581275170;MONDIATW;41151;MONDIAL 98;1;ODYSSEUM;0;23:02:34;0;744;41155;268435529
1581274952;MONDIATW;41151;MONDIAL 98;1;ODYSSEUM;0;23:13:31;0;1401;41155;268435789
1581274953;MONDIATW;41151;MONDIAL 98;1;ODYSSEUM;0;23:29:10;0;2340;41155;268436125
1581275169;MOSSOATW;41101;MOSSON T1;1;ODYSSEUM;0;22:56:00;0;350;41155;268435893
1581274954;MOSSOATW;41101;MOSSON T1;1;ODYSSEUM;0;23:11:00;0;1250;41155;268436073
1581275151;MOSSOATW;41101;MOSSON T1;1;ODYSSEUM;0;23:26:00;0;2150;41155;268435989
1581275170;MOULAATW;41147;MOULARES;1;ODYSSEUM;0;22:59:42;0;572;41155;268435529
1581274952;MOULAATW;41147;MOULARES;1;ODYSSEUM;0;23:11:20;0;1270;41155;268435789
1581274953;MOULAATW;41147;MOULARES;1;ODYSSEUM;0;23:26:16;0;2166;41155;268436125
1581274953;OCCITATW;41115;OCCITANIE;1;ODYSSEUM;0;22:56:42;0;392;41155;268436125
1581275169;OCCITATW;41115;OCCITANIE;1;ODYSSEUM;0;23:11:00;0;1250;41155;268435893
1581274954;OCCITATW;41115;OCCITANIE;1;ODYSSEUM;0;23:26:00;0;2150;41155;268436073
1581274953;PHILIATW;41125;PHILIPPIDES;1;ODYSSEUM;0;23:05:23;0;913;41155;268436125
1581275169;PHILIATW;41125;PHILIPPIDES;1;ODYSSEUM;0;23:19:11;0;1741;41155;268435893
1581274954;PHILIATW;41125;PHILIPPIDES;1;ODYSSEUM;0;23:34:11;0;2641;41155;268436073
1581275170;EUROPATW;41143;PL. DE L'EUROPE;1;ODYSSEUM;0;22:56:28;0;378;41155;268435529
1581274952;EUROPATW;41143;PL. DE L'EUROPE;1;ODYSSEUM;0;23:07:46;0;1056;41155;268435789
1581274953;EUROPATW;41143;PL. DE L'EUROPE;1;ODYSSEUM;0;23:22:42;0;1952;41155;268436125
1581274952;ALBE1ATW;41127;PLACE ALBERT 1ER;1;ODYSSEUM;0;22:51:46;0;96;41155;268435789
1581274953;ALBE1ATW;41127;PLACE ALBERT 1ER;1;ODYSSEUM;0;23:06:42;0;992;41155;268436125
1581275169;ALBE1ATW;41127;PLACE ALBERT 1ER;1;ODYSSEUM;0;23:21:00;0;1850;41155;268435893
1581275170;PFRANCES;41161;PLACE DE FRANCE;1;ODYSSEUM;0;23:05:28;0;918;41155;268435529
1581274952;PFRANCES;41161;PLACE DE FRANCE;1;ODYSSEUM;0;23:16:46;0;1596;41155;268435789
1581274953;PFRANCES;41161;PLACE DE FRANCE;1;ODYSSEUM;0;23:31:42;0;2492;41155;268436125
1581275170;PMARIATW;41149;PORT MARIANNE;1;ODYSSEUM;0;23:01:28;0;678;41155;268435529
1581274952;PMARIATW;41149;PORT MARIANNE;1;ODYSSEUM;0;23:12:46;0;1356;41155;268435789
1581274953;PMARIATW;41149;PORT MARIANNE;1;ODYSSEUM;0;23:27:42;0;2252;41155;268436125
1581275170;RILEZATW;41145;RIVES DU LEZ T1;1;ODYSSEUM;0;22:58:28;0;498;41155;268435529
1581274952;RILEZATW;41145;RIVES DU LEZ T1;1;ODYSSEUM;0;23:09:46;0;1176;41155;268435789
1581274953;RILEZATW;41145;RIVES DU LEZ T1;1;ODYSSEUM;0;23:24:42;0;2072;41155;268436125
1581274953;STELOATW;41121;SAINT-ELOI;1;ODYSSEUM;0;23:01:42;0;692;41155;268436125
1581275169;STELOATW;41121;SAINT-ELOI;1;ODYSSEUM;0;23:16:00;0;1550;41155;268435893
1581274954;STELOATW;41121;SAINT-ELOI;1;ODYSSEUM;0;23:31:00;0;2450;41155;268436073
1581275169;STPAUATW;41105;SAINT-PAUL;1;ODYSSEUM;0;23:02:00;0;710;41155;268435893
1581274954;STPAUATW;41105;SAINT-PAUL;1;ODYSSEUM;0;23:17:00;0;1610;41155;268436073
1581275151;STPAUATW;41105;SAINT-PAUL;1;ODYSSEUM;0;23:32:00;0;2510;41155;268435989
1581275169;STMOSSOE;41163;STADE MOSSON;1;ODYSSEUM;0;22:58:00;0;470;41155;268435893
1581274954;STMOSSOE;41163;STADE MOSSON;1;ODYSSEUM;0;23:13:00;0;1370;41155;268436073
1581275151;STMOSSOE;41163;STADE MOSSON;1;ODYSSEUM;0;23:28:00;0;2270;41155;268435989
1581274953;SCIENATW;41119;UNIVERSITES;1;ODYSSEUM;0;23:00:22;0;612;41155;268436125
1581275169;SCIENATW;41119;UNIVERSITES;1;ODYSSEUM;0;23:14:40;0;1470;41155;268435893
1581274954;SCIENATW;41119;UNIVERSITES;1;ODYSSEUM;0;23:29:40;0;2370;41155;268436073
1581358402;CHDUS;4102;CHENG-DU;11;PAUL FAJON;1;22:50:48;0;38;4246;268438103
1581358402;ROUGETS;4103;ROUGET DE LISLE;11;PAUL FAJON;1;22:52:32;0;142;4246;268438103
1581181931;CNEARC;5280;AGROPOLIS;13;NAVETTE A;0;00:16:00;0;5150;13230;268438392
1581181929;CNEARC;5280;AGROPOLIS;13;NAVETTE A;0;23:16:00;0;1550;13230;268438388
1581181930;CNEARC;5280;AGROPOLIS;13;NAVETTE A;0;23:46:00;0;3350;13230;268438390
1581181928;CHIMIEA;13226;ECOLE DE CHIMIE;13;NAVETTE A;0;22:53:44;0;214;13230;268438386
1581181929;CHIMIEA;13226;ECOLE DE CHIMIE;13;NAVETTE A;0;23:20:42;0;1832;13230;268438388
1581181930;CHIMIEA;13226;ECOLE DE CHIMIE;13;NAVETTE A;0;23:50:42;0;3632;13230;268438390
1581181928;BATAILLE;13229;EUGENE BATAILLON;13;NAVETTE A;0;22:57:45;0;455;13230;268438386
1581181929;BATAILLE;13229;EUGENE BATAILLON;13;NAVETTE A;0;23:24:43;0;2073;13230;268438388
1581181930;BATAILLE;13229;EUGENE BATAILLON;13;NAVETTE A;0;23:54:43;0;3873;13230;268438390
1581181928;GASCOGNE;13228;GASCOGNE;13;NAVETTE A;0;22:56:41;0;391;13230;268438386
1581181929;GASCOGNE;13228;GASCOGNE;13;NAVETTE A;0;23:22:59;0;1969;13230;268438388
1581181930;GASCOGNE;13228;GASCOGNE;13;NAVETTE A;0;23:52:59;0;3769;13230;268438390
1581181928;LAVALETE;5284;LAVALETTE;13;NAVETTE A;0;22:52:54;0;164;13230;268438386
1581181929;LAVALETE;5284;LAVALETTE;13;NAVETTE A;0;23:19:12;0;1742;13230;268438388
1581181930;LAVALETE;5284;LAVALETTE;13;NAVETTE A;0;23:49:12;0;3542;13230;268438390
1581181928;PARGUELA;13227;PAUL PARGUEL;13;NAVETTE A;0;22:56:05;0;355;13230;268438386
1581181929;PARGUELA;13227;PAUL PARGUEL;13;NAVETTE A;0;23:22:23;0;1933;13230;268438388
1581181930;PARGUELA;13227;PAUL PARGUEL;13;NAVETTE A;0;23:52:23;0;3733;13230;268438390
1581181928;VERTBOIA;13225;VERT-BOIS;13;NAVETTE A;0;22:53:41;0;211;13230;268438386
1581181929;VERTBOIA;13225;VERT-BOIS;13;NAVETTE A;0;23:19:59;0;1789;13230;268438388
1581181930;VERTBOIA;13225;VERT-BOIS;13;NAVETTE A;0;23:49:59;0;3589;13230;268438390
1581181928;ZOOE;5283;ZOO;13;NAVETTE A;0;22:51:46;0;96;13230;268438386
1581181929;ZOOE;5283;ZOO;13;NAVETTE A;0;23:18:04;0;1674;13230;268438388
1581181930;ZOOE;5283;ZOO;13;NAVETTE A;0;23:48:04;0;3474;13230;268438390
1581181924;VALMONTS;13203;CAMPUS AGROPOLIS;13;NAVETTE AGROPOLIS;1;00:10:00;0;4790;5165;268438391
1581181922;VALMONTS;13203;CAMPUS AGROPOLIS;13;NAVETTE AGROPOLIS;1;23:09:58;0;1188;5165;268438387
1581181923;VALMONTS;13203;CAMPUS AGROPOLIS;13;NAVETTE AGROPOLIS;1;23:39:58;0;2988;5165;268438389
1581181924;CHIMIEB;13119;ECOLE DE CHIMIE;13;NAVETTE AGROPOLIS;1;00:05:10;0;4500;5165;268438391
1581181922;CHIMIEB;13119;ECOLE DE CHIMIE;13;NAVETTE AGROPOLIS;1;23:05:09;0;899;5165;268438387
1581181923;CHIMIEB;13119;ECOLE DE CHIMIE;13;NAVETTE AGROPOLIS;1;23:35:09;0;2699;5165;268438389
1581181924;BATAILLB;13116;EUGENE BATAILLON;13;NAVETTE AGROPOLIS;1;00:02:27;0;4337;5165;268438391
1581181922;BATAILLB;13116;EUGENE BATAILLON;13;NAVETTE AGROPOLIS;1;23:02:27;0;737;5165;268438387
1581181923;BATAILLB;13116;EUGENE BATAILLON;13;NAVETTE AGROPOLIS;1;23:32:27;0;2537;5165;268438389
1581181924;GASCOGNB;13117;GASCOGNE;13;NAVETTE AGROPOLIS;1;00:02:59;0;4369;5165;268438391
1581181922;GASCOGNB;13117;GASCOGNE;13;NAVETTE AGROPOLIS;1;23:03:00;0;770;5165;268438387
1581181923;GASCOGNB;13117;GASCOGNE;13;NAVETTE AGROPOLIS;1;23:33:00;0;2570;5165;268438389
1581181924;LAVALETS;5161;LAVALETTE;13;NAVETTE AGROPOLIS;1;00:06:50;0;4600;5165;268438391
1581181922;LAVALETS;5161;LAVALETTE;13;NAVETTE AGROPOLIS;1;23:06:48;0;998;5165;268438387
1581181923;LAVALETS;5161;LAVALETTE;13;NAVETTE AGROPOLIS;1;23:36:48;0;2798;5165;268438389
1581181924;PARGUELB;13118;PAUL PARGUEL;13;NAVETTE AGROPOLIS;1;00:03:42;0;4412;5165;268438391
1581181922;PARGUELB;13118;PAUL PARGUEL;13;NAVETTE AGROPOLIS;1;23:03:42;0;812;5165;268438387
1581181923;PARGUELB;13118;PAUL PARGUEL;13;NAVETTE AGROPOLIS;1;23:33:42;0;2612;5165;268438389
1581181924;UNIVERSB;13115;UNIVERSITES;13;NAVETTE AGROPOLIS;1;00:02:00;0;4310;5165;268438391
1581181922;UNIVERSB;13115;UNIVERSITES;13;NAVETTE AGROPOLIS;1;23:02:00;0;710;5165;268438387
1581181923;UNIVERSB;13115;UNIVERSITES;13;NAVETTE AGROPOLIS;1;23:32:00;0;2510;5165;268438389
1581181924;VERTBOIS;5125;VERT-BOIS;13;NAVETTE AGROPOLIS;1;00:06:01;0;4551;5165;268438391
1581181922;VERTBOIS;5125;VERT-BOIS;13;NAVETTE AGROPOLIS;1;23:05:59;0;949;5165;268438387
1581181923;VERTBOIS;5125;VERT-BOIS;13;NAVETTE AGROPOLIS;1;23:35:59;0;2749;5165;268438389
1581181924;ZOOS;5162;ZOO;13;NAVETTE AGROPOLIS;1;00:08:10;0;4680;5165;268438391
1581181922;ZOOS;5162;ZOO;13;NAVETTE AGROPOLIS;1;23:08:08;0;1078;5165;268438387
1581181923;ZOOS;5162;ZOO;13;NAVETTE AGROPOLIS;1;23:38:08;0;2878;5165;268438389
1581250621;AIGUETWS;42147;AIGUELONGUE;2;JACOU;0;00:00:00;0;4190;42169;268436497
1581250619;AIGUETWS;42147;AIGUELONGUE;2;JACOU;0;23:02:38;0;748;42169;268436301
1581250620;AIGUETWS;42147;AIGUELONGUE;2;JACOU;0;23:30:00;0;2390;42169;268436645
1581250621;AUBEROUS;42163;AUBE ROUGE;2;JACOU;0;00:09:59;0;4789;42169;268436497
1581250619;AUBEROUS;42163;AUBE ROUGE;2;JACOU;0;23:12:39;0;1349;42169;268436301
1581250620;AUBEROUS;42163;AUBE ROUGE;2;JACOU;0;23:40:01;0;2991;42169;268436645
1581250619;BXARTTWS;42143;BEAUX-ARTS;2;JACOU;0;22:59:21;0;551;42169;268436301
1581250620;BXARTTWS;42143;BEAUX-ARTS;2;JACOU;0;23:26:17;0;2167;42169;268436645
1581250621;BXARTTWS;42143;BEAUX-ARTS;2;JACOU;0;23:56:17;0;3967;42169;268436497
1581250621;CENTUTWS;42157;CENTURIONS;2;JACOU;0;00:06:40;0;4590;42169;268436497
1581250619;CENTUTWS;42157;CENTURIONS;2;JACOU;0;23:09:19;0;1149;42169;268436301
1581250620;CENTUTWS;42157;CENTURIONS;2;JACOU;0;23:36:41;0;2791;42169;268436645
1581250621;DEGAULLS;42151;CH. DE GAULLE;2;JACOU;0;00:02:59;0;4369;42169;268436497
1581250619;DEGAULLS;42151;CH. DE GAULLE;2;JACOU;0;23:05:38;0;928;42169;268436301
1581250620;DEGAULLS;42151;CH. DE GAULLE;2;JACOU;0;23:33:00;0;2570;42169;268436645
1581250621;CLAIRTWS;42153;CLAIRVAL;2;JACOU;0;00:04:03;0;4433;42169;268436497
1581250619;CLAIRTWS;42153;CLAIRVAL;2;JACOU;0;23:06:31;0;981;42169;268436301
1581250620;CLAIRTWS;42153;CLAIRVAL;2;JACOU;0;23:34:04;0;2634;42169;268436645
1581250619;COMEDRTW;41223;COMEDIE;2;JACOU;0;22:54:38;0;268;42169;268436301
1581250620;COMEDRTW;41223;COMEDIE;2;JACOU;0;23:22:00;0;1910;42169;268436645
1581250621;COMEDRTW;41223;COMEDIE;2;JACOU;0;23:52:00;0;3710;42169;268436497
1581250619;CORUM2S;42141;CORUM T2;2;JACOU;0;22:57:38;0;448;42169;268436301
1581250620;CORUM2S;42141;CORUM T2;2;JACOU;0;23:25:00;0;2090;42169;268436645
1581250621;CORUM2S;42141;CORUM T2;2;JACOU;0;23:55:00;0;3890;42169;268436497
1581250653;CXARGTWE;42115;CROIX D'ARGENT;2;JACOU;0;00:09:59;0;4789;42169;268436260
1581250620;CXARGTWE;42115;CROIX D'ARGENT;2;JACOU;0;23:10:00;0;1190;42169;268436645
1581250621;CXARGTWE;42115;CROIX D'ARGENT;2;JACOU;0;23:40:00;0;2990;42169;268436497
1581250619;GARERTW;41221;GARE ST-ROCH T1;2;JACOU;0;22:52:38;0;148;42169;268436301
1581250620;GARERTW;41221;GARE ST-ROCH T1;2;JACOU;0;23:20:00;0;1790;42169;268436645
1581250621;GARERTW;41221;GARE ST-ROCH T1;2;JACOU;0;23:50:00;0;3590;42169;268436497
1581250621;GPOMPTWS;42167;GEORGES POMPIDOU;2;JACOU;0;00:15:59;0;5149;42169;268436497
1581250619;GPOMPTWS;42167;GEORGES POMPIDOU;2;JACOU;0;23:18:39;0;1709;42169;268436301
1581250620;GPOMPTWS;42167;GEORGES POMPIDOU;2;JACOU;0;23:46:01;0;3351;42169;268436645
1581250653;CONDATWE;42105;LA CONDAMINE;2;JACOU;0;00:02:00;0;4310;42169;268436260
1581250620;CONDATWE;42105;LA CONDAMINE;2;JACOU;0;23:02:00;0;710;42169;268436645
1581250621;CONDATWE;42105;LA CONDAMINE;2;JACOU;0;23:32:00;0;2510;42169;268436497
1581250621;GALINTWS;42155;LA GALINE;2;JACOU;0;00:05:20;0;4510;42169;268436497
1581250619;GALINTWS;42155;LA GALINE;2;JACOU;0;23:08:25;0;1095;42169;268436301
1581250620;GALINTWS;42155;LA GALINE;2;JACOU;0;23:35:21;0;2711;42169;268436645
1581250653;LEMASTWE;42119;LEMASSON;2;JACOU;0;00:12:45;0;4955;42169;268436260
1581250620;LEMASTWE;42119;LEMASSON;2;JACOU;0;23:12:46;0;1356;42169;268436645
1581250621;LEMASTWE;42119;LEMASSON;2;JACOU;0;23:42:46;0;3156;42169;268436497
1581250653;GRISETTE;42109;LES GRISETTES;2;JACOU;0;00:04:59;0;4489;42169;268436260
1581250620;GRISETTE;42109;LES GRISETTES;2;JACOU;0;23:05:00;0;890;42169;268436645
1581250621;GRISETTE;42109;LES GRISETTES;2;JACOU;0;23:35:00;0;2690;42169;268436497
1581250619;ABBESTWS;42145;MAIL DES ABBES;2;JACOU;0;23:00:22;0;612;42169;268436301
1581250620;ABBESTWS;42145;MAIL DES ABBES;2;JACOU;0;23:27:44;0;2254;42169;268436645
1581250621;ABBESTWS;42145;MAIL DES ABBES;2;JACOU;0;23:57:44;0;4054;42169;268436497
1581250653;DREVOTWE;42117;MAS DREVON;2;JACOU;0;00:11:08;0;4858;42169;268436260
1581250620;DREVOTWE;42117;MAS DREVON;2;JACOU;0;23:11:09;0;1259;42169;268436645
1581250621;DREVOTWE;42117;MAS DREVON;2;JACOU;0;23:41:09;0;3059;42169;268436497
1581250621;SABLASSS;42159;ND DE SABLASSOU;2;JACOU;0;00:08:00;0;4670;42169;268436497
1581250619;SABLASSS;42159;ND DE SABLASSOU;2;JACOU;0;23:10:39;0;1229;42169;268436301
1581250620;SABLASSS;42159;ND DE SABLASSOU;2;JACOU;0;23:38:01;0;2871;42169;268436645
1581250653;NVSTROCE;42123;NOUVEAU ST-ROCH;2;JACOU;0;00:15:59;0;5149;42169;268436260
1581250620;NVSTROCE;42123;NOUVEAU ST-ROCH;2;JACOU;0;23:16:00;0;1550;42169;268436645
1581250621;NVSTROCE;42123;NOUVEAU ST-ROCH;2;JACOU;0;23:46:00;0;3350;42169;268436497
1581250621;PLANKSTS;42171;PLANKSTADT;2;JACOU;0;00:11:59;0;4909;42169;268436497
1581250619;PLANKSTS;42171;PLANKSTADT;2;JACOU;0;23:14:39;0;1469;42169;268436301
1581250620;PLANKSTS;42171;PLANKSTADT;2;JACOU;0;23:42:01;0;3111;42169;268436645
1581250619;RONDETWE;42125;RONDELET;2;JACOU;0;22:50:48;0;38;42169;268436301
1581250620;RONDETWE;42125;RONDELET;2;JACOU;0;23:17:54;0;1664;42169;268436645
1581250621;RONDETWE;42125;RONDELET;2;JACOU;0;23:47:54;0;3464;42169;268436497
1581250653;SABINESE;42111;SABINES;2;JACOU;0;00:06:59;0;4609;42169;268436260
1581250620;SABINESE;42111;SABINES;2;JACOU;0;23:07:00;0;1010;42169;268436645
1581250621;SABINESE;42111;SABINES;2;JACOU;0;23:37:00;0;2810;42169;268436497
1581250653;STCLETWE;42121;SAINT-CLEOPHAS;2;JACOU;0;00:13:59;0;5029;42169;268436260
1581250620;STCLETWE;42121;SAINT-CLEOPHAS;2;JACOU;0;23:14:00;0;1430;42169;268436645
1581250621;STCLETWE;42121;SAINT-CLEOPHAS;2;JACOU;0;23:44:00;0;3230;42169;268436497
1581250621;STLAZTWS;42149;SAINT-LAZARE;2;JACOU;0;00:01:03;0;4253;42169;268436497
1581250619;STLAZTWS;42149;SAINT-LAZARE;2;JACOU;0;23:03:30;0;800;42169;268436301
1581250620;STLAZTWS;42149;SAINT-LAZARE;2;JACOU;0;23:31:03;0;2453;42169;268436645
1581250620;VEDASD;42101;ST-JEAN CENTRE;2;JACOU;0;22:59:00;0;530;42169;268436645
1581250621;VEDASD;42101;ST-JEAN CENTRE;2;JACOU;0;23:29:00;0;2330;42169;268436497
1581250653;VEDASD;42101;ST-JEAN CENTRE;2;JACOU;0;23:59:00;0;4130;42169;268436260
1581250653;STJSECE;42103;ST-JEAN LE SEC;2;JACOU;0;00:00:59;0;4249;42169;268436260
1581250620;STJSECE;42103;ST-JEAN LE SEC;2;JACOU;0;23:01:00;0;650;42169;268436645
1581250621;STJSECE;42103;ST-JEAN LE SEC;2;JACOU;0;23:31:00;0;2450;42169;268436497
1581250621;VDOMITIS;42165;VIA DOMITIA;2;JACOU;0;00:13:59;0;5029;42169;268436497
1581250619;VDOMITIS;42165;VIA DOMITIA;2;JACOU;0;23:16:39;0;1589;42169;268436301
1581250620;VDOMITIS;42165;VIA DOMITIA;2;JACOU;0;23:44:01;0;3231;42169;268436645
1581250653;VICTOIRS;42107;VICTOIRE 2;2;JACOU;0;00:04:00;0;4430;42169;268436260
1581250620;VICTOIRS;42107;VICTOIRE 2;2;JACOU;0;23:04:00;0;830;42169;268436645
1581250621;VICTOIRS;42107;VICTOIRE 2;2;JACOU;0;23:34:00;0;2630;42169;268436497
1581250653;ANGOUTWE;42113;VIL. D'ANGOULEME;2;JACOU;0;00:08:59;0;4729;42169;268436260
1581250620;ANGOUTWE;42113;VIL. D'ANGOULEME;2;JACOU;0;23:09:00;0;1130;42169;268436645
1581250621;ANGOUTWE;42113;VIL. D'ANGOULEME;2;JACOU;0;23:39:00;0;2930;42169;268436497
1581250626;AIGUETWE;42223;AIGUELONGUE;2;ST-JEAN DE VEDAS;1;22:52:18;0;128;42101;268436496
1581250622;AIGUETWE;42223;AIGUELONGUE;2;ST-JEAN DE VEDAS;1;23:20:00;0;1790;42101;268436259
1581250623;AIGUETWE;42223;AIGUELONGUE;2;ST-JEAN DE VEDAS;1;23:50:00;0;3590;42101;268436302
1581250624;AUBEROUE;42207;AUBE ROUGE;2;ST-JEAN DE VEDAS;1;00:09:59;0;4789;42101;268436646
1581250622;AUBEROUE;42207;AUBE ROUGE;2;ST-JEAN DE VEDAS;1;23:10:00;0;1190;42101;268436259
1581250623;AUBEROUE;42207;AUBE ROUGE;2;ST-JEAN DE VEDAS;1;23:40:00;0;2990;42101;268436302
1581250626;BXARTTWE;42227;BEAUX-ARTS;2;ST-JEAN DE VEDAS;1;22:55:54;0;344;42101;268436496
1581250622;BXARTTWE;42227;BEAUX-ARTS;2;ST-JEAN DE VEDAS;1;23:23:41;0;2011;42101;268436259
1581250623;BXARTTWE;42227;BEAUX-ARTS;2;ST-JEAN DE VEDAS;1;23:53:41;0;3811;42101;268436302
1581250624;CENTUTWE;42213;CENTURIONS;2;ST-JEAN DE VEDAS;1;00:13:18;0;4988;42101;268436646
1581250622;CENTUTWE;42213;CENTURIONS;2;ST-JEAN DE VEDAS;1;23:13:19;0;1389;42101;268436259
1581250623;CENTUTWE;42213;CENTURIONS;2;ST-JEAN DE VEDAS;1;23:43:19;0;3189;42101;268436302
1581250624;DEGAULLE;42219;CH. DE GAULLE;2;ST-JEAN DE VEDAS;1;00:16:59;0;5209;42101;268436646
1581250622;DEGAULLE;42219;CH. DE GAULLE;2;ST-JEAN DE VEDAS;1;23:17:00;0;1610;42101;268436259
1581250623;DEGAULLE;42219;CH. DE GAULLE;2;ST-JEAN DE VEDAS;1;23:47:00;0;3410;42101;268436302
1581250624;CLAIRTWE;42217;CLAIRVAL;2;ST-JEAN DE VEDAS;1;00:15:55;0;5145;42101;268436646
1581250622;CLAIRTWE;42217;CLAIRVAL;2;ST-JEAN DE VEDAS;1;23:15:56;0;1546;42101;268436259
1581250623;CLAIRTWE;42217;CLAIRVAL;2;ST-JEAN DE VEDAS;1;23:45:56;0;3346;42101;268436302
1581250626;COMEDATW;41133;COMEDIE;2;ST-JEAN DE VEDAS;1;23:00:17;0;607;42101;268436496
1581250622;COMEDATW;41133;COMEDIE;2;ST-JEAN DE VEDAS;1;23:27:59;0;2269;42101;268436259
1581250623;COMEDATW;41133;COMEDIE;2;ST-JEAN DE VEDAS;1;23:57:59;0;4069;42101;268436302
1581250626;CORUM2E;42229;CORUM T2;2;ST-JEAN DE VEDAS;1;22:57:17;0;427;42101;268436496
1581250622;CORUM2E;42229;CORUM T2;2;ST-JEAN DE VEDAS;1;23:24:59;0;2089;42101;268436259
1581250623;CORUM2E;42229;CORUM T2;2;ST-JEAN DE VEDAS;1;23:54:59;0;3889;42101;268436302
1581250623;CXARGTWS;42255;CROIX D'ARGENT;2;ST-JEAN DE VEDAS;1;00:09:58;0;4788;42101;268436302
1581250626;CXARGTWS;42255;CROIX D'ARGENT;2;ST-JEAN DE VEDAS;1;23:12:17;0;1327;42101;268436496
1581250622;CXARGTWS;42255;CROIX D'ARGENT;2;ST-JEAN DE VEDAS;1;23:39:59;0;2989;42101;268436259
1581250626;GARETW;41135;GARE ST-ROCH T1;2;ST-JEAN DE VEDAS;1;23:02:17;0;727;42101;268436496
1581250622;GARETW;41135;GARE ST-ROCH T1;2;ST-JEAN DE VEDAS;1;23:29:59;0;2389;42101;268436259
1581250623;GARETW;41135;GARE ST-ROCH T1;2;ST-JEAN DE VEDAS;1;23:59:59;0;4189;42101;268436302
1581250624;GPOMPTWE;42203;GEORGES POMPIDOU;2;ST-JEAN DE VEDAS;1;00:04:00;0;4430;42101;268436646
1581250622;GPOMPTWE;42203;GEORGES POMPIDOU;2;ST-JEAN DE VEDAS;1;23:04:00;0;830;42101;268436259
1581250623;GPOMPTWE;42203;GEORGES POMPIDOU;2;ST-JEAN DE VEDAS;1;23:34:00;0;2630;42101;268436302
1581250624;JACOUTWS;42169;JACOU;2;ST-JEAN DE VEDAS;1;00:02:00;0;4310;42101;268436646
1581250622;JACOUTWS;42169;JACOU;2;ST-JEAN DE VEDAS;1;23:02:00;0;710;42101;268436259
1581250623;JACOUTWS;42169;JACOU;2;ST-JEAN DE VEDAS;1;23:32:00;0;2510;42101;268436302
1581250623;CONDATWS;42265;LA CONDAMINE;2;ST-JEAN DE VEDAS;1;00:17:59;0;5269;42101;268436302
1581250626;CONDATWS;42265;LA CONDAMINE;2;ST-JEAN DE VEDAS;1;23:20:17;0;1807;42101;268436496
1581250622;CONDATWS;42265;LA CONDAMINE;2;ST-JEAN DE VEDAS;1;23:47:59;0;3469;42101;268436259
1581250624;GALINTWE;42215;LA GALINE;2;ST-JEAN DE VEDAS;1;00:14:38;0;5068;42101;268436646
1581250622;GALINTWE;42215;LA GALINE;2;ST-JEAN DE VEDAS;1;23:14:39;0;1469;42101;268436259
1581250623;GALINTWE;42215;LA GALINE;2;ST-JEAN DE VEDAS;1;23:44:39;0;3269;42101;268436302
1581250623;LEMASTWS;42251;LEMASSON;2;ST-JEAN DE VEDAS;1;00:07:14;0;4624;42101;268436302
1581250626;LEMASTWS;42251;LEMASSON;2;ST-JEAN DE VEDAS;1;23:09:32;0;1162;42101;268436496
1581250622;LEMASTWS;42251;LEMASSON;2;ST-JEAN DE VEDAS;1;23:37:14;0;2824;42101;268436259
1581250623;GRISETTS;42261;LES GRISETTES;2;ST-JEAN DE VEDAS;1;00:14:59;0;5089;42101;268436302
1581250626;GRISETTS;42261;LES GRISETTES;2;ST-JEAN DE VEDAS;1;23:17:17;0;1627;42101;268436496
1581250622;GRISETTS;42261;LES GRISETTES;2;ST-JEAN DE VEDAS;1;23:44:59;0;3289;42101;268436259
1581250626;ABBESTWE;42225;MAIL DES ABBES;2;ST-JEAN DE VEDAS;1;22:54:34;0;264;42101;268436496
1581250622;ABBESTWE;42225;MAIL DES ABBES;2;ST-JEAN DE VEDAS;1;23:22:16;0;1926;42101;268436259
1581250623;ABBESTWE;42225;MAIL DES ABBES;2;ST-JEAN DE VEDAS;1;23:52:16;0;3726;42101;268436302
1581250623;DREVOTWS;42253;MAS DREVON;2;ST-JEAN DE VEDAS;1;00:08:50;0;4720;42101;268436302
1581250626;DREVOTWS;42253;MAS DREVON;2;ST-JEAN DE VEDAS;1;23:10:31;0;1221;42101;268436496
1581250622;DREVOTWS;42253;MAS DREVON;2;ST-JEAN DE VEDAS;1;23:38:51;0;2921;42101;268436259
1581250624;SABLASSE;42211;ND DE SABLASSOU;2;ST-JEAN DE VEDAS;1;00:11:59;0;4909;42101;268436646
1581250622;SABLASSE;42211;ND DE SABLASSOU;2;ST-JEAN DE VEDAS;1;23:12:00;0;1310;42101;268436259
1581250623;SABLASSE;42211;ND DE SABLASSOU;2;ST-JEAN DE VEDAS;1;23:42:00;0;3110;42101;268436302
1581250623;NVSTROCS;42247;NOUVEAU ST-ROCH;2;ST-JEAN DE VEDAS;1;00:03:59;0;4429;42101;268436302
1581250626;NVSTROCS;42247;NOUVEAU ST-ROCH;2;ST-JEAN DE VEDAS;1;23:06:17;0;967;42101;268436496
1581250622;NVSTROCS;42247;NOUVEAU ST-ROCH;2;ST-JEAN DE VEDAS;1;23:33:59;0;2629;42101;268436259
1581250624;PLANKSTE;42271;PLANKSTADT;2;ST-JEAN DE VEDAS;1;00:08:00;0;4670;42101;268436646
1581250622;PLANKSTE;42271;PLANKSTADT;2;ST-JEAN DE VEDAS;1;23:08:00;0;1070;42101;268436259
1581250623;PLANKSTE;42271;PLANKSTADT;2;ST-JEAN DE VEDAS;1;23:38:00;0;2870;42101;268436302
1581250623;RONDETWS;42245;RONDELET;2;ST-JEAN DE VEDAS;1;00:02:03;0;4313;42101;268436302
1581250626;RONDETWS;42245;RONDELET;2;ST-JEAN DE VEDAS;1;23:03:39;0;809;42101;268436496
1581250622;RONDETWS;42245;RONDELET;2;ST-JEAN DE VEDAS;1;23:32:03;0;2513;42101;268436259
1581250623;SABINESS;42259;SABINES;2;ST-JEAN DE VEDAS;1;00:12:59;0;4969;42101;268436302
1581250626;SABINESS;42259;SABINES;2;ST-JEAN DE VEDAS;1;23:15:17;0;1507;42101;268436496
1581250622;SABINESS;42259;SABINES;2;ST-JEAN DE VEDAS;1;23:42:59;0;3169;42101;268436259
1581250623;STCLETWS;42249;SAINT-CLEOPHAS;2;ST-JEAN DE VEDAS;1;00:05:59;0;4549;42101;268436302
1581250626;STCLETWS;42249;SAINT-CLEOPHAS;2;ST-JEAN DE VEDAS;1;23:08:17;0;1087;42101;268436496
1581250622;STCLETWS;42249;SAINT-CLEOPHAS;2;ST-JEAN DE VEDAS;1;23:35:59;0;2749;42101;268436259
1581250626;STLAZTWE;42221;SAINT-LAZARE;2;ST-JEAN DE VEDAS;1;22:50:36;0;26;42101;268436496
1581250622;STLAZTWE;42221;SAINT-LAZARE;2;ST-JEAN DE VEDAS;1;23:18:56;0;1726;42101;268436259
1581250623;STLAZTWE;42221;SAINT-LAZARE;2;ST-JEAN DE VEDAS;1;23:48:56;0;3526;42101;268436302
1581250627;STJSECS;42267;ST-JEAN LE SEC;2;ST-JEAN DE VEDAS;1;22:51:08;0;58;42101;268436644
1581250626;STJSECS;42267;ST-JEAN LE SEC;2;ST-JEAN DE VEDAS;1;23:21:17;0;1867;42101;268436496
1581250622;STJSECS;42267;ST-JEAN LE SEC;2;ST-JEAN DE VEDAS;1;23:48:59;0;3529;42101;268436259
1581250624;VDOMITIE;42205;VIA DOMITIA;2;ST-JEAN DE VEDAS;1;00:06:00;0;4550;42101;268436646
1581250622;VDOMITIE;42205;VIA DOMITIA;2;ST-JEAN DE VEDAS;1;23:06:00;0;950;42101;268436259
1581250623;VDOMITIE;42205;VIA DOMITIA;2;ST-JEAN DE VEDAS;1;23:36:00;0;2750;42101;268436302
1581250623;VICTOIRE;42263;VICTOIRE 2;2;ST-JEAN DE VEDAS;1;00:16:59;0;5209;42101;268436302
1581250626;VICTOIRE;42263;VICTOIRE 2;2;ST-JEAN DE VEDAS;1;23:19:17;0;1747;42101;268436496
1581250622;VICTOIRE;42263;VICTOIRE 2;2;ST-JEAN DE VEDAS;1;23:46:59;0;3409;42101;268436259
1581250623;ANGOUTWS;42257;VIL. D'ANGOULEME;2;ST-JEAN DE VEDAS;1;00:10:57;0;4847;42101;268436302
1581250626;ANGOUTWS;42257;VIL. D'ANGOULEME;2;ST-JEAN DE VEDAS;1;23:12:38;0;1348;42101;268436496
1581250622;ANGOUTWS;42257;VIL. D'ANGOULEME;2;ST-JEAN DE VEDAS;1;23:40:58;0;3048;42101;268436259
1581272603;ASTRUT3S;43241;ASTRUC;3;JUVIGNAC;0;00:08:04;0;4674;43101;268437072
1581272602;ASTRUT3S;43241;ASTRUC;3;JUVIGNAC;0;23:08:27;0;1097;43101;268436709
1581272606;ASTRUT3S;43241;ASTRUC;3;JUVIGNAC;0;23:38:05;0;2875;43101;268436801
1581272607;BOIRAT3E;43209;BOIRARGUES;3;JUVIGNAC;0;00:14:00;0;5030;43101;268436916
1581272606;BOIRAT3E;43209;BOIRARGUES;3;JUVIGNAC;0;23:14:00;0;1430;43101;268436801
1581272603;BOIRAT3E;43209;BOIRARGUES;3;JUVIGNAC;0;23:44:00;0;3230;43101;268437072
1581272605;CELLET3S;43253;CELLENEUVE;3;JUVIGNAC;0;22:50:14;0;4;43101;268436914
1581272602;CELLET3S;43253;CELLENEUVE;3;JUVIGNAC;0;23:18:49;0;1719;43101;268436709
1581272606;CELLET3S;43253;CELLENEUVE;3;JUVIGNAC;0;23:48:13;0;3483;43101;268436801
1581272604;COUGOT3E;43261;COUGOURLUDE;3;JUVIGNAC;0;00:39:00;1;6530;43101;268436711
1581272603;COUGOT3E;43261;COUGOURLUDE;3;JUVIGNAC;0;23:39:00;0;2930;43101;268437072
1581272607;ECOPOLEE;43207;ECOPOLE;3;JUVIGNAC;0;00:12:00;0;4910;43101;268436916
1581272647;ECOPOLEE;43207;ECOPOLE;3;JUVIGNAC;0;01:12:00;1;8510;43101;268436803
1581272606;ECOPOLEE;43207;ECOPOLE;3;JUVIGNAC;0;23:12:00;0;1310;43101;268436801
1581272603;GARETW3A;43127;GARE ST-ROCH T3;3;JUVIGNAC;0;00:00:00;0;4190;43101;268437072
1581272602;GARETW3A;43127;GARE ST-ROCH T3;3;JUVIGNAC;0;23:00:22;0;612;43101;268436709
1581272606;GARETW3A;43127;GARE ST-ROCH T3;3;JUVIGNAC;0;23:30:00;0;2390;43101;268436801
1581272603;HDEPTT3S;43249;HOT. DEPARTEMENT;3;JUVIGNAC;0;00:14:59;0;5089;43101;268437072
1581272602;HDEPTT3S;43249;HOT. DEPARTEMENT;3;JUVIGNAC;0;23:15:21;0;1511;43101;268436709
1581272606;HDEPTT3S;43249;HOT. DEPARTEMENT;3;JUVIGNAC;0;23:44:59;0;3289;43101;268436801
1581272604;HTLIRT3E;43263;HTS LA LIRONDE;3;JUVIGNAC;0;00:41:00;1;6650;43101;268436711
1581272603;HTLIRT3E;43263;HTS LA LIRONDE;3;JUVIGNAC;0;23:41:00;0;3050;43101;268437072
1581272603;GUESDT3S;43243;JULES GUESDE;3;JUVIGNAC;0;00:09:58;0;4788;43101;268437072
1581272602;GUESDT3S;43243;JULES GUESDE;3;JUVIGNAC;0;23:10:21;0;1211;43101;268436709
1581272606;GUESDT3S;43243;JULES GUESDE;3;JUVIGNAC;0;23:39:59;0;2989;43101;268436801
1581272604;LATTEST3;43259;LATTES CENTRE;3;JUVIGNAC;0;00:37:00;1;6410;43101;268436711
1581272603;LATTEST3;43259;LATTES CENTRE;3;JUVIGNAC;0;23:37:00;0;2810;43101;268437072
1581272603;ARCEAT3S;43239;LES ARCEAUX;3;JUVIGNAC;0;00:06:32;0;4582;43101;268437072
1581272602;ARCEAT3S;43239;LES ARCEAUX;3;JUVIGNAC;0;23:07:09;0;1019;43101;268436709
1581272606;ARCEAT3S;43239;LES ARCEAUX;3;JUVIGNAC;0;23:36:33;0;2783;43101;268436801
1581272605;MOSSOT3S;43255;MOSSON T3;3;JUVIGNAC;0;22:52:01;0;111;43101;268436914
1581272602;MOSSOT3S;43255;MOSSON T3;3;JUVIGNAC;0;23:20:22;0;1812;43101;268436709
1581272606;MOSSOT3S;43255;MOSSON T3;3;JUVIGNAC;0;23:50:00;0;3590;43101;268436801
1581272602;MOULARTW;41209;MOULARES;3;JUVIGNAC;0;22:52:20;0;130;43101;268436709
1581272606;MOULARTW;41209;MOULARES;3;JUVIGNAC;0;23:21:44;0;1894;43101;268436801
1581272603;MOULARTW;41209;MOULARES;3;JUVIGNAC;0;23:51:44;0;3694;43101;268437072
1581272603;OBSERT3S;43233;OBSERVATOIRE;3;JUVIGNAC;0;00:00:59;0;4249;43101;268437072
1581272602;OBSERT3S;43233;OBSERVATOIRE;3;JUVIGNAC;0;23:01:22;0;672;43101;268436709
1581272606;OBSERT3S;43233;OBSERVATOIRE;3;JUVIGNAC;0;23:31:00;0;2450;43101;268436801
1581272607;PICASSOE;43213;PABLO PICASSO;3;JUVIGNAC;0;00:17:01;0;5211;43101;268436916
1581272606;PICASSOE;43213;PABLO PICASSO;3;JUVIGNAC;0;23:17:00;0;1610;43101;268436801
1581272603;PICASSOE;43213;PABLO PICASSO;3;JUVIGNAC;0;23:47:00;0;3410;43101;268437072
1581272607;PEXPOT3E;43205;PARC EXPO;3;JUVIGNAC;0;00:10:00;0;4790;43101;268436916
1581272647;PEXPOT3E;43205;PARC EXPO;3;JUVIGNAC;0;01:09:59;1;8389;43101;268436803
1581272606;PEXPOT3E;43205;PARC EXPO;3;JUVIGNAC;0;23:10:00;0;1190;43101;268436801
1581272603;PERGOT3S;43247;PERGOLA;3;JUVIGNAC;0;00:13:23;0;4993;43101;268437072
1581272602;PERGOT3S;43247;PERGOLA;3;JUVIGNAC;0;23:13:59;0;1429;43101;268436709
1581272606;PERGOT3S;43247;PERGOLA;3;JUVIGNAC;0;23:43:23;0;3193;43101;268436801
1581272607;PEROLT3E;43203;PEROLS CENTRE;3;JUVIGNAC;0;00:07:00;0;4610;43101;268436916
1581272647;PEROLT3E;43203;PEROLS CENTRE;3;JUVIGNAC;0;01:07:00;1;8210;43101;268436803
1581272606;PEROLT3E;43203;PEROLS CENTRE;3;JUVIGNAC;0;23:07:00;0;1010;43101;268436801
1581272607;ETGLORT3;43201;PEROLS ETANG OR;3;JUVIGNAC;0;00:05:00;0;4490;43101;268436916
1581272647;ETGLORT3;43201;PEROLS ETANG OR;3;JUVIGNAC;0;01:05:00;1;8090;43101;268436803
1581272606;ETGLORT3;43201;PEROLS ETANG OR;3;JUVIGNAC;0;23:05:00;0;890;43101;268436801
1581272603;PILORT3S;43251;PILORY;3;JUVIGNAC;0;00:16:03;0;5153;43101;268437072
1581272602;PILORT3S;43251;PILORY;3;JUVIGNAC;0;23:16:25;0;1575;43101;268436709
1581272606;PILORT3S;43251;PILORY;3;JUVIGNAC;0;23:46:03;0;3353;43101;268436801
1581272602;CARNOTWE;42241;PLACE CARNOT;3;JUVIGNAC;0;22:57:22;0;432;43101;268436709
1581272606;CARNOTWE;42241;PLACE CARNOT;3;JUVIGNAC;0;23:27:00;0;2210;43101;268436801
1581272603;CARNOTWE;42241;PLACE CARNOT;3;JUVIGNAC;0;23:57:00;0;4010;43101;268437072
1581272603;PCABT3S;43237;PLAN CABANES;3;JUVIGNAC;0;00:04:59;0;4489;43101;268437072
1581272602;PCABT3S;43237;PLAN CABANES;3;JUVIGNAC;0;23:05:22;0;912;43101;268436709
1581272606;PCABT3S;43237;PLAN CABANES;3;JUVIGNAC;0;23:35:00;0;2690;43101;268436801
1581272602;PMARIRTW;41207;PORT MARIANNE;3;JUVIGNAC;0;22:50:22;0;12;43101;268436709
1581272606;PMARIRTW;41207;PORT MARIANNE;3;JUVIGNAC;0;23:20:00;0;1790;43101;268436801
1581272603;PMARIRTW;41207;PORT MARIANNE;3;JUVIGNAC;0;23:50:00;0;3590;43101;268437072
1581272602;RLEZ2E;42237;RIVES DU LEZ T3;3;JUVIGNAC;0;22:54:22;0;252;43101;268436709
1581272606;RLEZ2E;42237;RIVES DU LEZ T3;3;JUVIGNAC;0;23:24:00;0;2030;43101;268436801
1581272603;RLEZ2E;42237;RIVES DU LEZ T3;3;JUVIGNAC;0;23:54:00;0;3830;43101;268437072
1581272603;STDENT3S;43235;SAINT-DENIS T3;3;JUVIGNAC;0;00:04:00;0;4430;43101;268437072
1581272602;STDENT3S;43235;SAINT-DENIS T3;3;JUVIGNAC;0;23:04:22;0;852;43101;268436709
1581272606;STDENT3S;43235;SAINT-DENIS T3;3;JUVIGNAC;0;23:34:00;0;2630;43101;268436801
1581272603;TONNET3S;43245;TONNELLES;3;JUVIGNAC;0;00:11:40;0;4890;43101;268437072
1581272602;TONNET3S;43245;TONNELLES;3;JUVIGNAC;0;23:12:16;0;1326;43101;268436709
1581272606;TONNET3S;43245;TONNELLES;3;JUVIGNAC;0;23:41:40;0;3090;43101;268436801
1581272602;VOLTAIRE;42239;VOLTAIRE;3;JUVIGNAC;0;22:56:04;0;354;43101;268436709
1581272606;VOLTAIRE;42239;VOLTAIRE;3;JUVIGNAC;0;23:25:28;0;2118;43101;268436801
1581272603;VOLTAIRE;42239;VOLTAIRE;3;JUVIGNAC;0;23:55:28;0;3918;43101;268437072
1581272613;ASTRUT3E;43117;ASTRUC;3;LATTES CENTRE;1;22:50:18;0;8;43259;268437071
1581272615;ASTRUT3E;43117;ASTRUC;3;LATTES CENTRE;1;23:50:55;0;3645;43259;268436710
1581272615;BOIRAT3S;43149;BOIRARGUES;3;LATTES CENTRE;1;00:13:58;0;5028;43259;268436710
1581272613;BOIRAT3S;43149;BOIRARGUES;3;LATTES CENTRE;1;23:13:22;0;1392;43259;268437071
1581272615;CELLRT3E;43105;CELLENEUVE;3;LATTES CENTRE;1;23:40:47;0;3037;43259;268436710
1581272615;COUGOT3S;43161;COUGOURLUDE;3;LATTES CENTRE;1;00:18:58;0;5328;43259;268436710
1581272714;COUGOT3S;43161;COUGOURLUDE;3;LATTES CENTRE;1;01:19:00;1;8930;43259;268437073
1581272613;COUGOT3S;43161;COUGOURLUDE;3;LATTES CENTRE;1;23:18:22;0;1692;43259;268437071
1581272613;GARETW3R;43231;GARE ST-ROCH T3;3;LATTES CENTRE;1;22:59:22;0;552;43259;268437071
1581272615;GARETW3R;43231;GARE ST-ROCH T3;3;LATTES CENTRE;1;23:59:59;0;4189;43259;268436710
1581272615;HDEPTT3E;43109;HOT. DEPARTEMENT;3;LATTES CENTRE;1;23:44:00;0;3230;43259;268436710
1581272615;HTLIRT3S;43159;HTS LA LIRONDE;3;LATTES CENTRE;1;00:16:59;0;5209;43259;268436710
1581272714;HTLIRT3S;43159;HTS LA LIRONDE;3;LATTES CENTRE;1;01:17:00;1;8810;43259;268437073
1581272613;HTLIRT3S;43159;HTS LA LIRONDE;3;LATTES CENTRE;1;23:16:22;0;1572;43259;268437071
1581272615;GUESDT3E;43115;JULES GUESDE;3;LATTES CENTRE;1;23:49:00;0;3530;43259;268436710
1581272615;JUVIGNAC;43101;JUVIGNAC;3;LATTES CENTRE;1;23:34:00;0;2630;43259;268436710
1581272613;ARCEAT3E;43119;LES ARCEAUX;3;LATTES CENTRE;1;22:52:08;0;118;43259;268437071
1581272615;ARCEAT3E;43119;LES ARCEAUX;3;LATTES CENTRE;1;23:52:38;0;3748;43259;268436710
1581272615;MOSSOT3E;43103;MOSSON T3;3;LATTES CENTRE;1;23:39:00;0;2930;43259;268436710
1581272615;MOULAATW;41147;MOULARES;3;LATTES CENTRE;1;00:07:36;0;4646;43259;268436710
1581272613;MOULAATW;41147;MOULARES;3;LATTES CENTRE;1;23:07:06;0;1016;43259;268437071
1581272613;OBSERT3E;43125;OBSERVATOIRE;3;LATTES CENTRE;1;22:57:22;0;432;43259;268437071
1581272615;OBSERT3E;43125;OBSERVATOIRE;3;LATTES CENTRE;1;23:57:59;0;4069;43259;268436710
1581272615;PICASSOS;43145;PABLO PICASSO;3;LATTES CENTRE;1;00:10:59;0;4849;43259;268436710
1581272613;PICASSOS;43145;PABLO PICASSO;3;LATTES CENTRE;1;23:10:22;0;1212;43259;268437071
1581272615;PERGOT3E;43111;PERGOLA;3;LATTES CENTRE;1;23:45:51;0;3341;43259;268436710
1581272615;PILORT3E;43107;PILORY;3;LATTES CENTRE;1;23:42:56;0;3166;43259;268436710
1581272615;CARNOTWS;42129;PLACE CARNOT;3;LATTES CENTRE;1;00:02:58;0;4368;43259;268436710
1581272613;CARNOTWS;42129;PLACE CARNOT;3;LATTES CENTRE;1;23:02:22;0;732;43259;268437071
1581272613;PCABT3E;43121;PLAN CABANES;3;LATTES CENTRE;1;22:53:22;0;192;43259;268437071
1581272615;PCABT3E;43121;PLAN CABANES;3;LATTES CENTRE;1;23:53:59;0;3829;43259;268436710
1581272615;PMARIATW;41149;PORT MARIANNE;3;LATTES CENTRE;1;00:08:59;0;4729;43259;268436710
1581272613;PMARIATW;41149;PORT MARIANNE;3;LATTES CENTRE;1;23:08:22;0;1092;43259;268437071
1581272615;RLEZ2S;42133;RIVES DU LEZ T3;3;LATTES CENTRE;1;00:05:59;0;4549;43259;268436710
1581272613;RLEZ2S;42133;RIVES DU LEZ T3;3;LATTES CENTRE;1;23:05:22;0;912;43259;268437071
1581272613;STDENT3E;43123;SAINT-DENIS;3;LATTES CENTRE;1;22:55:22;0;312;43259;268437071
1581272615;STDENT3E;43123;SAINT-DENIS;3;LATTES CENTRE;1;23:55:59;0;3949;43259;268436710
1581272615;TONNET3E;43113;TONNELLES;3;LATTES CENTRE;1;23:47:19;0;3429;43259;268436710
1581272615;VOLTAIRS;42131;VOLTAIRE;3;LATTES CENTRE;1;00:04:31;0;4461;43259;268436710
1581272613;VOLTAIRS;42131;VOLTAIRE;3;LATTES CENTRE;1;23:04:29;0;859;43259;268437071
1581272712;COUGOT3E;43261;COUGOURLUDE;3;MOSSON;0;01:39:01;1;10131;43255;268437074
1581272712;HTLIRT3E;43263;HTS LA LIRONDE;3;MOSSON;0;01:41:01;1;10251;43255;268437074
1581272712;LATTEST3;43259;LATTES CENTRE;3;MOSSON;0;01:37:00;1;10010;43255;268437074
1581272614;ASTRUT3E;43117;ASTRUC;3;PEROLS ETANG;1;23:20:55;0;1845;43201;268436915
1581272614;BOIRAT3S;43149;BOIRARGUES;3;PEROLS ETANG;1;23:43:59;0;3229;43201;268436915
1581272648;CELLRT3E;43105;CELLENEUVE;3;PEROLS ETANG;1;00:10:47;0;4837;43201;268436802
1581272614;CELLRT3E;43105;CELLENEUVE;3;PEROLS ETANG;1;23:10:47;0;1237;43201;268436915
1581272648;ECOPOLES;43151;ECOPOLE;3;PEROLS ETANG;1;00:47:00;1;7010;43201;268436802
1581272713;ECOPOLES;43151;ECOPOLE;3;PEROLS ETANG;1;01:47:00;1;10610;43201;268436917
1581272614;ECOPOLES;43151;ECOPOLE;3;PEROLS ETANG;1;23:46:59;0;3409;43201;268436915
1581272614;GARETW3R;43231;GARE ST-ROCH T3;3;PEROLS ETANG;1;23:29:59;0;2389;43201;268436915
1581272648;HDEPTT3E;43109;HOT. DEPARTEMENT;3;PEROLS ETANG;1;00:13:59;0;5029;43201;268436802
1581272614;HDEPTT3E;43109;HOT. DEPARTEMENT;3;PEROLS ETANG;1;23:14:00;0;1430;43201;268436915
1581272648;GUESDT3E;43115;JULES GUESDE;3;PEROLS ETANG;1;00:18:59;0;5329;43201;268436802
1581272614;GUESDT3E;43115;JULES GUESDE;3;PEROLS ETANG;1;23:19:00;0;1730;43201;268436915
1581272648;JUVIGNAC;43101;JUVIGNAC;3;PEROLS ETANG;1;00:04:00;0;4430;43201;268436802
1581272614;JUVIGNAC;43101;JUVIGNAC;3;PEROLS ETANG;1;23:04:00;0;830;43201;268436915
1581272614;ARCEAT3E;43119;LES ARCEAUX;3;PEROLS ETANG;1;23:22:38;0;1948;43201;268436915
1581272648;MOSSOT3E;43103;MOSSON T3;3;PEROLS ETANG;1;00:09:00;0;4730;43201;268436802
1581272614;MOSSOT3E;43103;MOSSON T3;3;PEROLS ETANG;1;23:09:00;0;1130;43201;268436915
1581272614;MOULAATW;41147;MOULARES;3;PEROLS ETANG;1;23:37:36;0;2846;43201;268436915
1581272614;OBSERT3E;43125;OBSERVATOIRE;3;PEROLS ETANG;1;23:27:59;0;2269;43201;268436915
1581272614;PICASSOS;43145;PABLO PICASSO;3;PEROLS ETANG;1;23:40:59;0;3049;43201;268436915
1581272648;PEXPOT3S;43153;PARC EXPO;3;PEROLS ETANG;1;00:49:00;1;7130;43201;268436802
1581272612;PEXPOT3S;43153;PARC EXPO;3;PEROLS ETANG;1;22:50:17;0;7;43201;268436800
1581272614;PEXPOT3S;43153;PARC EXPO;3;PEROLS ETANG;1;23:48:59;0;3529;43201;268436915
1581272648;PERGOT3E;43111;PERGOLA;3;PEROLS ETANG;1;00:15:50;0;5140;43201;268436802
1581272614;PERGOT3E;43111;PERGOLA;3;PEROLS ETANG;1;23:15:51;0;1541;43201;268436915
1581272648;PEROLT3S;43155;PEROLS CENTRE;3;PEROLS ETANG;1;00:51:00;1;7250;43201;268436802
1581272612;PEROLT3S;43155;PEROLS CENTRE;3;PEROLS ETANG;1;22:52:17;0;127;43201;268436800
1581272614;PEROLT3S;43155;PEROLS CENTRE;3;PEROLS ETANG;1;23:50:59;0;3649;43201;268436915
1581272648;PILORT3E;43107;PILORY;3;PEROLS ETANG;1;00:12:55;0;4965;43201;268436802
1581272614;PILORT3E;43107;PILORY;3;PEROLS ETANG;1;23:12:56;0;1366;43201;268436915
1581272614;CARNOTWS;42129;PLACE CARNOT;3;PEROLS ETANG;1;23:32:59;0;2569;43201;268436915
1581272614;PCABT3E;43121;PLAN CABANES;3;PEROLS ETANG;1;23:23:59;0;2029;43201;268436915
1581272614;PMARIATW;41149;PORT MARIANNE;3;PEROLS ETANG;1;23:38:59;0;2929;43201;268436915
1581272614;RLEZ2S;42133;RIVES DU LEZ T3;3;PEROLS ETANG;1;23:35:59;0;2749;43201;268436915
1581272614;STDENT3E;43123;SAINT-DENIS;3;PEROLS ETANG;1;23:25:59;0;2149;43201;268436915
1581272648;TONNET3E;43113;TONNELLES;3;PEROLS ETANG;1;00:17:18;0;5228;43201;268436802
1581272614;TONNET3E;43113;TONNELLES;3;PEROLS ETANG;1;23:17:19;0;1629;43201;268436915
1581272614;VOLTAIRS;42131;VOLTAIRE;3;PEROLS ETANG;1;23:34:31;0;2661;43201;268436915
1581254766;ALBERT4R;44202;ALBERT 1er;4;GARCIA LORCA;1;22:57:29;0;439;44205;268437301
1581254673;ALBERT4A;44102;ALBERT 1er;4;GARCIA LORCA;0;23:06:00;0;950;44106;268437230
1581254712;ALBERT4R;44202;ALBERT 1er;4;GARCIA LORCA;1;23:13:00;0;1370;44205;268437134
1581254701;ALBERT4A;44102;ALBERT 1er;4;GARCIA LORCA;0;23:26:00;0;2150;44106;268437169
1581254770;ALBERT4R;44202;ALBERT 1er;4;GARCIA LORCA;1;23:33:00;0;2570;44205;268437302
1581254702;ALBERT4A;44102;ALBERT 1er;4;GARCIA LORCA;0;23:46:00;0;3350;44106;268437231
1581254674;CORUMATW;41131;CORUM T1;4;GARCIA LORCA;0;22:50:58;0;48;44106;268437168
1581254766;CORUMRTW;41225;CORUM T1;4;GARCIA LORCA;1;22:54:29;0;259;44205;268437301
1581254673;CORUMATW;41131;CORUM T1;4;GARCIA LORCA;0;23:09:00;0;1130;44106;268437230
1581254712;CORUMRTW;41225;CORUM T1;4;GARCIA LORCA;1;23:10:00;0;1190;44205;268437134
1581254701;CORUMATW;41131;CORUM T1;4;GARCIA LORCA;0;23:29:00;0;2330;44106;268437169
1581254770;CORUMRTW;41225;CORUM T1;4;GARCIA LORCA;1;23:30:00;0;2390;44205;268437302
1581254712;LORCA4R;44201;GARCIA LORCA;4;GARCIA LORCA;1;22:56:00;0;350;44205;268437134
1581254701;LORCAT4A;44105;GARCIA LORCA;4;GARCIA LORCA;0;23:10:00;0;1190;44106;268437169
1581254770;LORCA4R;44201;GARCIA LORCA;4;GARCIA LORCA;1;23:16:00;0;1550;44205;268437302
1581254702;LORCAT4A;44105;GARCIA LORCA;4;GARCIA LORCA;0;23:30:00;0;2390;44106;268437231
1581254708;LORCA4R;44201;GARCIA LORCA;4;GARCIA LORCA;1;23:36:00;0;2750;44205;268437135
1581254703;LORCAT4A;44105;GARCIA LORCA;4;GARCIA LORCA;0;23:50:00;0;3590;44106;268437170
1581254673;GARETW3A;43127;GARE ST-ROCH T3;4;GARCIA LORCA;0;23:00:00;0;590;44106;268437230
1581254766;GARETW3R;43231;GARE ST-ROCH T3;4;GARCIA LORCA;1;23:04:29;0;859;44205;268437301
1581254701;GARETW3A;43127;GARE ST-ROCH T3;4;GARCIA LORCA;0;23:20:00;0;1790;44106;268437169
1581254712;GARETW3R;43231;GARE ST-ROCH T3;4;GARCIA LORCA;1;23:20:00;0;1790;44205;268437134
1581254702;GARETW3A;43127;GARE ST-ROCH T3;4;GARCIA LORCA;0;23:40:00;0;2990;44106;268437231
1581254770;GARETW3R;43231;GARE ST-ROCH T3;4;GARCIA LORCA;1;23:40:00;0;2990;44205;268437302
1581254712;HVILLE4R;43141;HOTEL DE VILLE;4;GARCIA LORCA;1;23:00:00;0;590;44205;268437134
1581254674;HVILLE4A;43217;HOTEL DE VILLE;4;GARCIA LORCA;0;23:00:58;0;648;44106;268437168
1581254673;HVILLE4A;43217;HOTEL DE VILLE;4;GARCIA LORCA;0;23:19:00;0;1730;44106;268437230
1581254770;HVILLE4R;43141;HOTEL DE VILLE;4;GARCIA LORCA;1;23:20:00;0;1790;44205;268437302
1581254701;HVILLE4A;43217;HOTEL DE VILLE;4;GARCIA LORCA;0;23:39:00;0;2930;44106;268437169
1581254708;HVILLE4R;43141;HOTEL DE VILLE;4;GARCIA LORCA;1;23:40:00;0;2990;44205;268437135
1581254712;RAUZE4R;43139;LA RAUZE;4;GARCIA LORCA;1;22:58:00;0;470;44205;268437134
1581254674;RAUZE4A;43219;LA RAUZE;4;GARCIA LORCA;0;23:02:58;0;768;44106;268437168
1581254770;RAUZE4R;43139;LA RAUZE;4;GARCIA LORCA;1;23:18:00;0;1670;44205;268437302
1581254673;RAUZE4A;43219;LA RAUZE;4;GARCIA LORCA;0;23:21:00;0;1850;44106;268437230
1581254708;RAUZE4R;43139;LA RAUZE;4;GARCIA LORCA;1;23:38:00;0;2870;44205;268437135
1581254701;RAUZE4A;43219;LA RAUZE;4;GARCIA LORCA;0;23:41:00;0;3050;44106;268437169
1581254766;AUBESTWS;42139;LES AUBES;4;GARCIA LORCA;1;22:52:29;0;139;44205;268437301
1581254674;AUBESTWE;42231;LES AUBES;4;GARCIA LORCA;0;22:52:58;0;168;44106;268437168
1581254712;AUBESTWS;42139;LES AUBES;4;GARCIA LORCA;1;23:08:00;0;1070;44205;268437134
1581254673;AUBESTWE;42231;LES AUBES;4;GARCIA LORCA;0;23:11:00;0;1250;44106;268437230
1581254770;AUBESTWS;42139;LES AUBES;4;GARCIA LORCA;1;23:28:00;0;2270;44205;268437302
1581254701;AUBESTWE;42231;LES AUBES;4;GARCIA LORCA;0;23:31:00;0;2450;44106;268437169
1581254766;BLANCRTW;41227;LOUIS BLANC;4;GARCIA LORCA;1;22:55:56;0;346;44205;268437301
1581254673;BLANCATW;41129;LOUIS BLANC;4;GARCIA LORCA;0;23:07:39;0;1049;44106;268437230
1581254712;BLANCRTW;41227;LOUIS BLANC;4;GARCIA LORCA;1;23:11:15;0;1265;44205;268437134
1581254701;BLANCATW;41129;LOUIS BLANC;4;GARCIA LORCA;0;23:27:39;0;2249;44106;268437169
1581254770;BLANCRTW;41227;LOUIS BLANC;4;GARCIA LORCA;1;23:31:15;0;2465;44205;268437302
1581254702;BLANCATW;41129;LOUIS BLANC;4;GARCIA LORCA;0;23:47:39;0;3449;44106;268437231
1581254673;NVSTROCE;42123;NOUVEAU ST-ROCH;4;GARCIA LORCA;0;22:56:00;0;350;44106;268437230
1581254766;NVSTROCS;42247;NOUVEAU ST-ROCH;4;GARCIA LORCA;1;23:08:29;0;1099;44205;268437301
1581254701;NVSTROCE;42123;NOUVEAU ST-ROCH;4;GARCIA LORCA;0;23:16:00;0;1550;44106;268437169
1581254712;NVSTROCS;42247;NOUVEAU ST-ROCH;4;GARCIA LORCA;1;23:24:00;0;2030;44205;268437134
1581254702;NVSTROCE;42123;NOUVEAU ST-ROCH;4;GARCIA LORCA;0;23:36:00;0;2750;44106;268437231
1581254770;NVSTROCS;42247;NOUVEAU ST-ROCH;4;GARCIA LORCA;1;23:44:00;0;3230;44205;268437302
1581254673;OBSERT3S;43233;OBSERVATOIRE;4;GARCIA LORCA;0;23:01:00;0;650;44106;268437230
1581254766;OBSERT3E;43125;OBSERVATOIRE;4;GARCIA LORCA;1;23:02:29;0;739;44205;268437301
1581254712;OBSERT3E;43125;OBSERVATOIRE;4;GARCIA LORCA;1;23:18:00;0;1670;44205;268437134
1581254701;OBSERT3S;43233;OBSERVATOIRE;4;GARCIA LORCA;0;23:21:00;0;1850;44106;268437169
1581254770;OBSERT3E;43125;OBSERVATOIRE;4;GARCIA LORCA;1;23:38:00;0;2870;44205;268437302
1581254702;OBSERT3S;43233;OBSERVATOIRE;4;GARCIA LORCA;0;23:41:00;0;3050;44106;268437231
1581254766;PEYROT4R;44203;PEYROU;4;GARCIA LORCA;1;22:59:29;0;559;44205;268437301
1581254673;PEYROT4A;44103;PEYROU;4;GARCIA LORCA;0;23:04:00;0;830;44106;268437230
1581254712;PEYROT4R;44203;PEYROU;4;GARCIA LORCA;1;23:15:00;0;1490;44205;268437134
1581254701;PEYROT4A;44103;PEYROU;4;GARCIA LORCA;0;23:24:00;0;2030;44106;268437169
1581254770;PEYROT4R;44203;PEYROU;4;GARCIA LORCA;1;23:35:00;0;2690;44205;268437302
1581254702;PEYROT4A;44103;PEYROU;4;GARCIA LORCA;0;23:44:00;0;3230;44106;268437231
1581254674;EUROPATW;41143;PL. DE L'EUROPE;4;GARCIA LORCA;0;22:56:58;0;408;44106;268437168
1581254712;EUROPRTW;41213;PL. DE L'EUROPE;4;GARCIA LORCA;1;23:04:00;0;830;44205;268437134
1581254673;EUROPATW;41143;PL. DE L'EUROPE;4;GARCIA LORCA;0;23:15:00;0;1490;44106;268437230
1581254770;EUROPRTW;41213;PL. DE L'EUROPE;4;GARCIA LORCA;1;23:24:00;0;2030;44205;268437302
1581254701;EUROPATW;41143;PL. DE L'EUROPE;4;GARCIA LORCA;0;23:35:00;0;2690;44106;268437169
1581254708;EUROPRTW;41213;PL. DE L'EUROPE;4;GARCIA LORCA;1;23:44:00;0;3230;44205;268437135
1581254766;POMPITWS;42137;POMPIGNANE;4;GARCIA LORCA;1;22:50:29;0;19;44205;268437301
1581254674;POMPITWE;42233;POMPIGNANE;4;GARCIA LORCA;0;22:54:58;0;288;44106;268437168
1581254712;POMPITWS;42137;POMPIGNANE;4;GARCIA LORCA;1;23:06:00;0;950;44205;268437134
1581254673;POMPITWE;42233;POMPIGNANE;4;GARCIA LORCA;0;23:13:00;0;1370;44106;268437230
1581254770;POMPITWS;42137;POMPIGNANE;4;GARCIA LORCA;1;23:26:00;0;2150;44205;268437302
1581254701;POMPITWE;42233;POMPIGNANE;4;GARCIA LORCA;0;23:33:00;0;2570;44106;268437169
1581254707;RESTAN4R;43135;RESTANQUE;4;GARCIA LORCA;1;22:51:32;0;82;44205;268437133
1581254673;RESTAN4A;43223;RESTANQUE;4;GARCIA LORCA;0;22:51:44;0;94;44106;268437230
1581254766;RESTAN4R;43135;RESTANQUE;4;GARCIA LORCA;1;23:11:38;0;1288;44205;268437301
1581254701;RESTAN4A;43223;RESTANQUE;4;GARCIA LORCA;0;23:11:44;0;1294;44106;268437169
1581254712;RESTAN4R;43135;RESTANQUE;4;GARCIA LORCA;1;23:27:17;0;2227;44205;268437134
1581254702;RESTAN4A;43223;RESTANQUE;4;GARCIA LORCA;0;23:31:44;0;2494;44106;268437231
1581254674;RILEZATW;41145;RIVES DU LEZ T1;4;GARCIA LORCA;0;22:58:58;0;528;44106;268437168
1581254712;RILEZRTW;41211;RIVES DU LEZ T1;4;GARCIA LORCA;1;23:03:00;0;770;44205;268437134
1581254673;RILEZATW;41145;RIVES DU LEZ T1;4;GARCIA LORCA;0;23:17:00;0;1610;44106;268437230
1581254770;RILEZRTW;41211;RIVES DU LEZ T1;4;GARCIA LORCA;1;23:23:00;0;1970;44205;268437302
1581254701;RILEZATW;41145;RIVES DU LEZ T1;4;GARCIA LORCA;0;23:37:00;0;2810;44106;268437169
1581254708;RILEZRTW;41211;RIVES DU LEZ T1;4;GARCIA LORCA;1;23:43:00;0;3170;44205;268437135
1581254673;RONDETWE;42125;RONDELET;4;GARCIA LORCA;0;22:57:58;0;468;44106;268437230
1581254766;RONDETWS;42245;RONDELET;4;GARCIA LORCA;1;23:06:25;0;975;44205;268437301
1581254701;RONDETWE;42125;RONDELET;4;GARCIA LORCA;0;23:17:58;0;1668;44106;268437169
1581254712;RONDETWS;42245;RONDELET;4;GARCIA LORCA;1;23:21:56;0;1906;44205;268437134
1581254702;RONDETWE;42125;RONDELET;4;GARCIA LORCA;0;23:37:58;0;2868;44106;268437231
1581254770;RONDETWS;42245;RONDELET;4;GARCIA LORCA;1;23:41:56;0;3106;44205;268437302
1581254766;STGUIT4R;44204;SAINT-GUILHEM;4;GARCIA LORCA;1;23:01:16;0;666;44205;268437301
1581254673;STGUIT4A;44104;SAINT-GUILHEM;4;GARCIA LORCA;0;23:02:14;0;724;44106;268437230
1581254712;STGUIT4R;44204;SAINT-GUILHEM;4;GARCIA LORCA;1;23:16:47;0;1597;44205;268437134
1581254701;STGUIT4A;44104;SAINT-GUILHEM;4;GARCIA LORCA;0;23:22:14;0;1924;44106;268437169
1581254770;STGUIT4R;44204;SAINT-GUILHEM;4;GARCIA LORCA;1;23:36:47;0;2797;44205;268437302
1581254702;STGUIT4A;44104;SAINT-GUILHEM;4;GARCIA LORCA;0;23:42:14;0;3124;44106;268437231
1581254707;SMART4R;43133;SAINT-MARTIN;4;GARCIA LORCA;1;22:50:13;0;3;44205;268437133
1581254673;SMART4A;43225;SAINT-MARTIN;4;GARCIA LORCA;0;22:53:00;0;170;44106;268437230
1581254766;SMART4R;43133;SAINT-MARTIN;4;GARCIA LORCA;1;23:10:29;0;1219;44205;268437301
1581254701;SMART4A;43225;SAINT-MARTIN;4;GARCIA LORCA;0;23:13:00;0;1370;44106;268437169
1581254712;SMART4R;43133;SAINT-MARTIN;4;GARCIA LORCA;1;23:26:00;0;2150;44205;268437134
1581254702;SMART4A;43225;SAINT-MARTIN;4;GARCIA LORCA;0;23:33:00;0;2570;44106;268437231
